Title,Score,URL
Ted Cruz blocks bill that would extend privacy protections to all Americans,4959,https://techcrunch.com/2025/09/30/ted-cruz-blocks-bill-that-would-extend-privacy-protections-to-all-americans/?utm_campaign=social&utm_source=linkedin&utm_medium=organic
White House Makes It Very Clear They’re Going To Turn TikTok Into A Right Wing Propaganda Machine,46094,https://www.techdirt.com/2025/09/30/trump-makes-it-very-clear-theyre-going-to-turn-tiktok-into-a-right-wing-propaganda-machine/
"Developers drop Vercel, call for boycott after CEO posts selfie with Netanyahu",2419,https://www.middleeasteye.net/trending/developers-drop-vercel-call-boycott-after-ceo-posts-selfie-netanyahu
"California police pull over a self-driving Waymo for an illegal U-turn, but they can't ticket",1288,https://www.independent.co.uk/news/waymo-northern-california-san-francisco-police-department-of-motor-vehicles-b2836866.html
Imgur is now blocked in the UK,1916,https://mashable.com/article/why-imgur-is-blocked-in-the-uk
"Samsung Galaxy Ring swells and crushes user's finger, causing missed flight and hospital visit",10707,https://www.techspot.com/news/109676-samsung-galaxy-ring-swells-crushes-user-finger-causing.html
YouTube Music’s new AI host talks between songs and you can’t turn it off,1060,https://www.dexerto.com/youtube/youtube-musics-new-ai-host-talks-between-songs-and-you-cant-turn-it-off-3259043/
Energy Dept. adds ‘climate change’ and ‘emissions’ to banned words list,7027,https://www.politico.com/news/2025/09/28/energy-department-climate-change-emissions-banned-words-00583649
YouTube settles White House's lawsuit over 2021 account suspension for $24.5 million | Most of the money will go toward constructing the White House ballroom,3181,https://www.techspot.com/news/109678-youtube-settles-donald-trump-lawsuit-over-2021-account.html
'Stupidity' of 300 investment bankers tricked by a 20-something founder is a lesson in due diligence: judge -- Fintech wunderkind to serve seven years in prison for conning JPMorgan Chase out of $175 million,2113,https://www.businessinsider.com/javice-judge-chides-jpmorgan-chase-stupidity-fraud-matters-more-2025-9
